Firstname,Phone,Notes
Abhinav Krishna,9876543201,Sample note for User1
Akhil,9876543202,Sample note for User2
Adharsh,9876543203,Sample note for User3
Ajith,9876543204,Sample note for User4
Akash,9876543205,Sample note for User5
Abhay,9876543206,Sample note for User6
Ashish,9876543207,Sample note for User7
Amith,9876543208,Sample note for User8
Alfin,9876543209,Sample note for User9
Anith0,9876543210,Sample note for User10
Akshey,9876543211,Sample note for User11
Sandeep,9876543212,Sample note for User12
Sudharshan,9876543213,Sample note for User13
Binoy,9876543214,Sample note for User14
Binil,9876543215,Sample note for User15
Adharmsh,9876543216,Sample note for User16
Harish,9876543217,Sample note for User17
Manoj,9876543218,Sample note for User18
Manu,9876543219,Sample note for User19
Midhun,9876543220,Sample note for User20
Maneesh,9876543221,Sample note for User21
Zukoor,9876543222,Sample note for User22
Jibin,9876543223,Sample note for User23
Rakoon,9876543224,Sample note for User24
Shukoor,9876543225,Sample note for User25
